{
  "tradingPairs": [
    "8ouNBeYFxJMaeyPBwF8jY86R457CyEjAY98HaNLFox7N",
    "7eMpAC1CVLeZq7Mi16AkvkY2BmLytyApLaUG4TxNFew5",
    "BFWboD9xC64tSmirFbCNARR1NSu6Ep9rP4SRoLkQhBUF"
  ],
  "oracles": {
    "waves": "3P6t5mKGwVDkyjFhtUqw4NnecyC3DRpLfkw",
    "tokenomica": "3P5yz6NiyBoT3KWBrc1iwQeMAen56FcMGTW"
  },
  "apiVersion": "v0",
  "bankRecipient": "3P7qtv5Z7AMhwyvf5sM6nLuWWypyjVKb7Us",
  "code": "W",
  "node": "https://nodes.wavesplatform.com",
  "matcher": "https://matcher.wavesplatform.com/matcher",
  "api": "https://api.wavesplatform.com",
  "explorer": "https://wavesexplorer.com",
  "coinomat": "https://coinomat.com",
  "wavesGateway": "https://gw.wavesplatform.com",
  "support": "https://support.wavesplatform.com",
  "termsAndConditions": "https://wavesplatform.com/files/docs/Waves_terms_and_conditions.pdf",
  "privacyPolicy": "https://wavesplatform.com/files/docs/Waves_privacy_policy.pdf",
  "nodeList": "https://forum.wavesplatform.com/c/pools",
  "tokensNameListUrl": "https://raw.githubusercontent.com/wavesplatform/waves-community/master/Prominent%20token%20name%20list.csv",
  "scamListUrl": "https://raw.githubusercontent.com/wavesplatform/waves-community/master/Scam%20tokens%20according%20to%20the%20opinion%20of%20Waves%20Community.csv",
  "origin": "https://client.wavesplatform.com",
  "featuresConfigUrl": "https://raw.githubusercontent.com/wavesplatform/waves-client-config/master/config.json",
  "feeConfigUrl": "https://raw.githubusercontent.com/wavesplatform/waves-client-config/master/fee.json",
  "VSTNetworkByte": "V",
  "tokenrating": "https://tokenrating.wavesexplorer.com",
  "assets": {
    "EUR": "Gtb1WRznfchDnTh37ezoDTJ4wcoKaRsKqKjJjy7nm2zU",
    "USD": "Ft8X1v1LTa1ABafufpaCWyVj8KkaxUWE6xBhW6sNFJck",
    "BTC": "8LQW8f7P5d5PZM7GtZEBgaqRPGSzS3DfPuiXrURJ4AJS",
    "BSV": "62LyMjcr2DtiyF5yVXFhoQ2q414VPPJXjsNYp72SuDCH",
    "ETH": "474jTeYx2r2Va35794tCScAXWJG9hU2HcgxzMowaZUnu",
    "LTC": "HZk1mbfuJpmxU1Fs4AX5MWLVYtctsNcg6e2C6VKqK8zk",
    "ZEC": "BrjUWjndUanm5VsJkbUip8VRYy6LWJePtxya3FNv4TQa",
    "BCH": "zMFqXuoyrn5w17PFurTqxB7GsS71fp9dfk6XFwxbPCy",
    "TRY": "2mX5DzVKWrAJw8iwdJnV2qtoeVG9h5nTDpTqC1wb1WEN",
    "DASH": "B3uGHFRpSUuGEDWjqB9LWWxafQj8VTvpMucEyoxzws5H",
    "EFYT": "725Yv9oceWsB4GsYwyy4A52kEwyVrL5avubkeChSnL46",
    "WNET": "AxAmJaro7BJ4KasYiZhw7HkjwgYtt2nekPuF2CN9LMym",
    "XMR": "5WvPKSJXzVE2orvbkJ8wsQmmQKqTv9sGBPksV4adViw3",
    "VST": "4LHHvYGNKJUg5hj65aGD5vgScvCBmLpdRFtjokvCjSL8",
    "ERGO": "5dJj4Hn9t2Ve3tRpNGirUHy4yBK6qdJRAJYV21yPPuGz",
    "WCT": "DHgwrRvVyqJsepd32YbBqUeDH4GJ1N984X8QoekjgH8J",
    "BNT": "F81SdfzBZr5ce8JArRWLPJEDg1V8yT257ohbcHk75yCp"
  },
  "matcherPriorityList": [
    { "ticker": "USD", "id": "Ft8X1v1LTa1ABafufpaCWyVj8KkaxUWE6xBhW6sNFJck"},
    { "ticker": "EUR", "id": "Gtb1WRznfchDnTh37ezoDTJ4wcoKaRsKqKjJjy7nm2zU"},
    { "ticker": "CNY", "id": "DEJbZipbKQjwEiRjx2AqQFucrj5CZ3rAc4ZvFM8nAsoA"},
    { "ticker": "TRY", "id": "2mX5DzVKWrAJw8iwdJnV2qtoeVG9h5nTDpTqC1wb1WEN"},
    { "ticker": "BTC", "id": "8LQW8f7P5d5PZM7GtZEBgaqRPGSzS3DfPuiXrURJ4AJS"},
    { "ticker": "WAVES", "id": "WAVES"},
    { "ticker": "BCH", "id": "zMFqXuoyrn5w17PFurTqxB7GsS71fp9dfk6XFwxbPCy"},
    { "ticker": "ETH", "id": "474jTeYx2r2Va35794tCScAXWJG9hU2HcgxzMowaZUnu"},
    { "ticker": "LTC", "id": "HZk1mbfuJpmxU1Fs4AX5MWLVYtctsNcg6e2C6VKqK8zk"},
    { "ticker": "DASH", "id": "B3uGHFRpSUuGEDWjqB9LWWxafQj8VTvpMucEyoxzws5H"},
    { "ticker": "Monero", "id": "5WvPKSJXzVE2orvbkJ8wsQmmQKqTv9sGBPksV4adViw3"},
    { "ticker": "ZEC", "id": "BrjUWjndUanm5VsJkbUip8VRYy6LWJePtxya3FNv4TQa"}
  ]
}
