{
  "appId": "com.wavesplatform.client.lite",
  "copyright": "Waves Platform",
  "productName": "Waves DEX",
  "files": "**/*",
  "asar": true,
  "compression": "normal",
  "npmRebuild": false,
  "npmSkipBuildFromSource": false,
  "artifactName": "${productName}[${env.WAVES_CONFIGURATION}]-${version}-${os}.${ext}",
  "directories": {
    "buildResources": "electron/"
  },
  "linux": {
    "category": "Utility",
    "target": [{
      "target": "deb",
      "arch": [ "x64", "ia32" ]
    }, {
      "target": "zip",
      "arch": [ "x64" ]
    }],
    "executableName": "waves-client"
  },
  "mac": {
    "category": "public.app-category.finance",
    "target": [
      "dmg"
    ],
    "icon": "electron/icons/icon.icns"
  },
  "win": {
    "target": [{
      "target": "nsis",
      "arch": [ "x64", "ia32" ]
    }, {
      "target": "zip",
      "arch": [ "x64" ]
    }],
    "legalTrademarks": "Waves Platform",
    "icon": "electron/icons/icon.ico"
  },
  "nsis": {
    "artifactName": "waves-client[${env.WAVES_CONFIGURATION}]-setup-${version}.${ext}",
    "include": "electron/installer.nsh",
    "installerIcon": "electron/icons/icon.ico",
    "uninstallerIcon": "electron/icons/icon.ico"
  },
  "dmg": {
    "icon": null,
    "background": "electron/icons/macos-installer-bg.tiff"
  }
}
