{
  "themes": ["default", "black"],

  "default": {
    "tradingView": {
      "candles": {
        "blue": {
          "upColor": "#5a81ea",
          "downColor": "#e5494d",
          "volume0": "rgba(209,56,60,0.3)",
          "volume1": "rgba(90,129,234,0.3)"
        },
        "green": {
          "upColor": "#39a12c",
          "downColor": "#e5494d",
          "volume0": "rgba(200,0,00,0.3)",
          "volume1": "rgba(0,200,0,0.3)"
        }
      },
      "toolbarBg": "#fff",
      "customCssUrl": "/tradingview-style/style.css",
      "OVERRIDES": {
        "scalesProperties.lineColor": "#edf0f4",
        "scalesProperties.textColor": "#4e5c6e",
        "paneProperties.background": "#FFF",
        "paneProperties.gridProperties.color": "#edf0f4",
        "paneProperties.vertGridProperties.color": "#edf0f4",
        "paneProperties.horzGridProperties.color": "#edf0f4",
        "mainSeriesProperties.candleStyle.borderDownColor": "#e5494d",
        "mainSeriesProperties.candleStyle.borderUpColor": "#5a81ea",
        "mainSeriesProperties.hollowCandleStyle.borderDownColor": "#e5494d",
        "mainSeriesProperties.hollowCandleStyle.borderUpColor": "#e5494d",
        "mainSeriesProperties.haStyle.borderDownColor": "#e5494d",
        "mainSeriesProperties.candleStyle.wickUpColor": "rgba(90, 129, 234, 0.5)",
        "mainSeriesProperties.candleStyle.wickDownColor": "rgba(229, 73, 77, 0.5)",
        "mainSeriesProperties.hollowCandleStyle.wickUpColor": "rgba(90, 129, 234, 0.5)",
        "mainSeriesProperties.hollowCandleStyle.wickDownColor": "rgba(229, 73, 77, 0.5)",
        "mainSeriesProperties.haStyle.wickUpColor": "rgba(90, 129, 234, 0.5)",
        "mainSeriesProperties.haStyle.wickDownColor": "rgba(229, 73, 77, 0.5)"
      }
    },

    "wAssetRateChart": {
      "seriesColor": "#5a81ea",
      "lineColor": "#5a81ea"
    },

    "TokenChangeModalCtrl": {
      "seriesColor": "#5a81ea"
    },

    "bgColor": "#2d2d2d"
  },
  "black": {
    "tradingView": {

      "candles": {
        "blue": {
          "upColor": "#5a81ea",
          "downColor": "#e5494d",
          "volume0": "rgba(209,56,60,0.3)",
          "volume1": "rgba(90,129,234,0.3)"
        },
        "green": {
          "upColor": "#39a12c",
          "downColor": "#e5494d",
          "volume0": "rgba(200,0,00,0.3)",
          "volume1": "rgba(0,200,0,0.3)"
        }
      },
      "toolbarBg": "#2d2d2d",
      "customCssUrl": "/tradingview-style/dark-style.css",
      "OVERRIDES": {
        "paneProperties.background": "#2d2d2d",
        "scalesProperties.lineColor": "#424242",
        "scalesProperties.textColor": "#8c8c8c",
        "paneProperties.gridProperties.color": "#424242",
        "paneProperties.vertGridProperties.color": "#424242",
        "paneProperties.horzGridProperties.color": "#424242",
        "mainSeriesProperties.candleStyle.borderDownColor": "#e5494d",
        "mainSeriesProperties.hollowCandleStyle.borderDownColor": "#e5494d",
        "mainSeriesProperties.candleStyle.borderUpColor": "#5a81ea",
        "mainSeriesProperties.haStyle.borderUpColor": "#5a81ea",
        "mainSeriesProperties.hollowCandleStyle.borderUpColor": "#e5494d",
        "mainSeriesProperties.haStyle.borderDownColor": "#e5494d",
        "mainSeriesProperties.candleStyle.wickUpColor": "rgba(90, 129, 234, 0.5)",
        "mainSeriesProperties.candleStyle.wickDownColor": "rgba(229, 73, 77, 0.5)",
        "mainSeriesProperties.hollowCandleStyle.wickUpColor": "rgba(90, 129, 234, 0.5)",
        "mainSeriesProperties.hollowCandleStyle.wickDownColor": "rgba(229, 73, 77, 0.5)",
        "mainSeriesProperties.haStyle.wickUpColor": "rgba(90, 129, 234, 0.5)",
        "mainSeriesProperties.haStyle.wickDownColor": "rgba(229, 73, 77, 0.5)"
      }
    },

    "wAssetRateChart": {
      "seriesColor": "#5c5b5b",
      "lineColor": "#eaeaea"
    },

    "TokenChangeModalCtrl": {
      "seriesColor": "rgba(255,255,255,0.80)"
    },

    "bgColor": "#fff"
  }
}
